A,ए,एक,कोई,अ,,,,Khushi,esign
Advice,उपदेश,खबर,सूचना,राय,मशवरा,सलाह,,Khushi,esign
All over,,,,,,,,Khushi,esign
Appointment,,,,,,,,Khushi,esign
Area,,,,,,,,Khushi,esign
Around,,,,,,,,Khushi,esign
At last ,,,,,,,,Khushi,esign
B,,,,,,,,Khushi,esign
Benefit,,,,,,,,Khushi,esign
Best,,,,,,,,Khushi,esign
Book,,,,,,,,Khushi,esign
C,,,,,,,,Khushi,esign
Children,,,,,,,,Khushi,esign
Click,,,,,,,,Khushi,esign
Communication,संवाद,बोलचाल,,,,,,Khushi,esign
Contact,,,,,,,,Khushi,esign
C-X,,,,,,,,Khushi,esign
D,,,,,,,,Khushi,esign
Deaf,,,,,,,,Khushi,esign
Develop,,,,,,,,Khushi,esign
Different,पृथक,भिन्न,भिन्न-भिन्न,विभिन्न,,,,Khushi,esign
E,,,,,,,,Khushi,esign
Education,,,,,,,,Khushi,esign
Eight,,,,,,,,Khushi,esign
Eight hundred,,,,,,,,Khushi,esign
eight o clock,,,,,,,,Khushi,esign
Eighteen,,,,,,,,Khushi,esign
Eleven,,,,,,,,Khushi,esign
eleven o clock,,,,,,,,Khushi,esign
Every year,,,,,,,,Khushi,esign
F,,,,,,,,Khushi,esign
Feel,,,,,,,,Khushi,esign
Fifteen,,,,,,,,Khushi,esign
Fill,,,,,,,,Khushi,esign
Finish,समाप्ति,ख़ात्मा,अंत,,,,,Khushi,esign
Five,,,,,,,,Khushi,esign
Five hundred,,,,,,,,Khushi,esign
Five o clock,,,,,,,,Khushi,esign
Forever,,,,,,,,Khushi,esign
Form,,,,,,,,Khushi,esign
Four,,,,,,,,Khushi,esign
Four hundred,,,,,,,,Khushi,esign
four o clock,,,,,,,,Khushi,esign
Fourteen,,,,,,,,Khushi,esign
G,,,,,,,,Khushi,esign
Go,बारी ,चलना,जाना,स्फूर्ति ,गमन,,,Khushi,esign
H,,,,,,,,Khushi,esign
Half past,,,,,,,,Khushi,esign
Hard of hearing,,,,,,,,Khushi,esign
Have a look,,,,,,,,Khushi,esign
Hearing,,,,,,,,Khushi,esign
Help - me,,,,,,,,Khushi,esign
Help - you,,,,,,,,Khushi,esign
Hire,,,,,,,,Khushi,esign
How long?,,,,,,,,Khushi,esign
I,,,,,,,,Khushi,esign
Interesting, आनंददायक,मज़ेदार,रोचक,मनोरंजक,,,,Khushi,esign
Interpreter,,,,,,,,Khushi,esign
J,,,,,,,,Khushi,esign
K,,,,,,,,Khushi,esign
Know,,,,,,,,Khushi,esign
Know well,,,,,,,,Khushi,esign
L,,,,,,,,Khushi,esign
Later,,,,,,,,Khushi,esign
Let me know,,,,,,,,Khushi,esign
M,एम,पुरुष ,,अंग्रेजी वर्णमाला का तेरहवां अक्षर,एक हज़ार,,,Khushi,esign
Maybe,कदाचित,लगभग,शायद,सम्भवतः,हो सकता है,,,Khushi,esign
N, एन,नाइट्रोजन,अंग्रेजी वर्णमाला का चौदहवां अक्षर,,,,,Khushi,esign
Naïve,सरलमति,सीधा,सीधा-सादा,निष्कपट,भोला,,,Khushi,esign
Next,दूसरा,बाद वाला,निकटतम,फिर,पास का,,,Khushi,esign
Next year,अगले वर्ष,,,,,,,Khushi,esign
Nine,नहला,नव,नौ,नौवा,नाइन,,,Khushi,esign
Nine Hundred,नौसो,,,,,,,Khushi,esign
nine o clock,नौ बजे,,,,,,,Khushi,esign
Nineteen,उन्नीस,,,,,,,Khushi,esign
N-N (norfolk), नान ,नानी ,मैदे से बनी एक प्रकार की तंदूरी रोटी,तपस्विन,भक्तिन,,,Khushi,esign
O,अजी, अरे, ओ, हे,,,,Khushi,esign
offer,भेंट, अर्पण करना,मोल ,,प्रस्ताव करना,,,Khushi,esign
One,एक ही,अकेला,अभिन्न, किसी, तनहा,,,Khushi,esign
One hundred,एक सौ,,,,,,,Khushi,esign
one o clock,एक बजे,,,,,,,Khushi,esign
come to you,तुम्हारे पास आना,,,,,,,Khushi,esign
OR,अथवा,अर्थात, अन्यथा, एवं,कि,,,Khushi,esign
P,फास्फोरस,पी,,,,,,Khushi,esign
Person,शख़्स,शख़्सियत, आदमी, मनुष्य ,पात्र ,,,Khushi,esign
Pick,बाना ,उकसाना,चुराना,पसन्द ,छाँटना,हटाना,,Khushi,esign
Plan,उपाय,यत्न,योजना,नक्शा बनाना,मनसूबा,कल्पना,,Khushi,esign
Provide,पहले से प्रबंध करना,पहले से ला रखना,देना,प्रदान करना,उपलब्ध कराना,,,Khushi,esign
Q,क्यू ,,,,,,,Khushi,esign
Quarter past,पिछली तिमाही,,,,,,,Khushi,esign
Quarter to,पौने,,,,,,,Khushi,esign
R,अंग्रेज़ी वर्णमाला का 18वां अक्षर,,,,,,,Khushi,esign
Ready,शीघ्र,सज्जित,पहले से ही,तैयार करना,प्राप्त धन,,,Khushi,esign
Receive,आदर करना,पकड़ना,पाना,स्वीकार करना, प्राप्त करना,,,Khushi,esign
Regions,खण्ड,भूभाग,क्षेत्र,मुल्क,लोक,,,Khushi,esign
Regular,रोज का ग्राहक,नित्य,नियम,स्थायी,प्रचलित,,,Khushi,esign
Responsibility,उत्तरदायित्व ,जवाबदेही,ज़िम्मेदारी,ज़िम्मेवारी, जवाब देही जिम्मेदारी,,,Khushi,esign
Roughly,क़रीब,लगभग, अशिष्टता से,रुखाई से,बेअदबी से,,,Khushi,esign
S,सेकंड, इस अक्षर के आकार का कोई पदार्थ या वस्‍तु,,,,,,Khushi,esign
Say,बयान,मत, पढ़ना, बोलना, वर्णन करना,,,Khushi,esign
Send,भिजवाना,लिख भेजना, आज्ञा देना, जाने देना, फेंकना,,,Khushi,esign
Seven,सात ,सप्त,,,,,,Khushi,esign
Seven hundred,सात सौ,,,,,,,Khushi,esign
seven o clock,सात बजे,,,,,,,Khushi,esign
Seventeen, सत्रह ,सत्तरह,,,,,,Khushi,esign
Six, छः, छह, छक्का,,,,,Khushi,esign
Six hundred,छे सौ,,,,,,,Khushi,esign
six o clock,छ: बजे,,,,,,,Khushi,esign
Sixteen, सोलह, सोलहवां भाग,,,,,,Khushi,esign
Someone,कोई, कोई व्यक्ति, महत्वपूर्ण आदमी, बड़ा आदमी,,,,Khushi,esign
Stupid, मूर्खतापूर्ण, सुस्त, मूढ़, अचेत, बेवकूफ,,,Khushi,esign
T,ट, टी अक्षर के आकार की वस्तु,,,,,,Khushi,esign
Tell,वर्णन करना, निर्देश देना,कहना,सूचना देना, बोलना,पढ़ाना,,Khushi,esign
Ten, दश, दशक, दहला,दस,पांच और पांच,,,Khushi,esign
ten o clock,दस बजे,,,,,,,Khushi,esign
Thirteen, तेरह, त्रयोदश,,,,,,Khushi,esign
That, वह, चूँकि, जो कि,इस हद तक, ताकि,,,Khushi,esign
Three, त्रय, तीन,,,,,,Khushi,esign
Three hundred,तीन सौ,,,,,,,Khushi,esign
three o clock,तीन बजे,,,,,,,Khushi,esign
Told,वर्णन करना, निर्देश देना,कहना,सूचना देना, बोलना,,,Khushi,esign
Travel, यात्रा, सफ़र , दौरा , भ्रमण करना, दूरी,,,Khushi,esign
Twenty, बीस,,,,,,,Khushi,esign
Two, दो, दुक्की,,,,,,Khushi,esign
Two hundred, दो सौ,,,,,,,Khushi,esign
two o clock,दो बजे,,,,,,,Khushi,esign
U, यू , उच्चवर्गीय,,,,,,Khushi,esign
V, पंचम, वोल्ट,वी,,,,,Khushi,esign
Various, कई प्रकार का, अनेक, न्यारा, भिन्न, विविध,,,Khushi,esign
W, डब्ल्यू, वाट ,,,,,,Khushi,esign
Want,कामना, चाहना, इच्छा करना, आवश्यकता होना, माँग ,,,Khushi,esign
What,कितना,कैसा,कौन,क्या,,,,Khushi,esign
When,कब,जब,उस समय,जब तक,,,,Khushi,esign
Which,जो,कौन सा,,,,,,Khushi,esign
Down,नीचे,उदास,उतरना,लीलना,ज़मीन पर गिरा देना,दुखी,,Khushi,esign
Work,मेहनत,परिश्रम,कृति,काम,कर्म ,,,Khushi,esign
X,दस,पत्र के अंत में चुम्बन का चिन्ह,,,,,,Khushi,esign
Y,वाई,,,,,,,Khushi,esign
Yeah,हाँ,,,,,,,Khushi,esign
Yes,सही,हाज़िर हूँ,हूं,वाकई,,,,Khushi,esign
You,तुम,तुम्हें,आप लोग,,,,,Khushi,esign
You fill in wipe-off,पोंछ देना,,,,,,,Khushi,esign
Yourselves,स्वयं,ख़ुद,,,,,,Khushi,esign
Z,ज़ेड,,,,,,,Khushi,esign
Jealous,ईर्षापूर्ण,नास्तिकता न सहने वाला,ईष्यालु,उद्विग्न,संदेही,सावधान,,Khushi,esign
All day,दिन भर,पूरे दिन,,,,,,Khushi,esign
Break-in,ताला तोड़ कर घुसना,घुस पड़ना,,,,,,Khushi,esign
Yours,आपका,तुम्हारा,,,,,,Khushi,esign
We,हम,हम सब,,,,,,Khushi,esign
Will,भविष्य सूचक,,,,,,,Khushi,esign
Council,पञ्चायत,परिषद,महासभा,विचारसभा,,,,Khushi,esign
Sorry,निराश,नीच,शर्मिन्दा,,,,,Khushi,esign
Technical,उद्योग-प्रधान,औद्योगिक,कानूनी,,,,,Khushi,esign
Crash,अचानक गिरावट,दुर्घटना,गिरने और टूटने ,,,,,Khushi,esign
Cannot,नहीं कर सकते,,,,,,,Khushi,esign
Again,दोबारा,परत,पुन:,फिर,,,,Khushi,esign
Them,इन्हें,उनकी,उन्हें,इनको,,,,Khushi,esign
Repeat,पुनः प्रसारण,पुनरुक्ति,आवृत्ति करना,दुबारा मत देना,,,,Khushi,esign
Please,सुखद,कृपया,,,,,,Khushi,esign
Feel,स्पर्श ज्ञान,संवेदना,स्पर्श,,,,,Khushi,esign
Wipe - off,पोंछ डालना,,,,,,,Khushi,esign
Sit and Meet,तर्क-वितर्क करना,विचार-विमर्श करना,वादानुवाद करना,,,,,Khushi,esign
Phone me,,,,,,,,Khushi,esign
Phone you,,,,,,,,Khushi,esign
Wide,घेर,पूरा खुला हुआ,वाइड,,,,,Khushi,esign
Can ,नितम्ब,पीपा,, सकता, बाल्टी,,,Khushi,esign
Pretend,दावा,,,,,,,Khushi,esign
Inform us,पूर्व सूचना देना,,,,,,,Khushi,esign
Where,कहां,किधर,जहां,,,,,Khushi,esign
Put on left,,,,,,,,Khushi,esign
Us,हम को,यू एस,हमें,,,,,Khushi,esign
Email,ई-मेल,,,,,,,Khushi,esign
Write send,,,,,,,,Khushi,esign
Example,उदाहरण देना,आदर्श,,,,,,Khushi,esign
Minicom,टाइपराइटर,,,,,,,Khushi,esign
Library,पुस्तकालय,वाचनालय,किताबघर,,,,,Khushi,esign
Video,टेलिविजन,टेलिविजन से संबंधित,,,,,,Khushi,esign
Relate,बतलाना,बताना,मिलाना,सुनाना,,,,Khushi,esign
Issues,मामले,,,,,,,Khushi,esign
Visit,मुआइना, सैर , देखभाल, मुलाक़ात,घुमने जाना,,,Khushi,esign
Good,कल्याण,कुशल,,,,,,Khushi,esign
Electricity,बिजली,विद्युत,विद्युत शक्ति,,,,,Khushi,esign
Brighton,ब्रिटन,,,,,,,Khushi,esign
Expensive,क़ीमती,बहुमूल्य,महंगा,,,,,Khushi,esign
January,जनवरी,,,,,,,Khushi,esign
February,फरवरी ,,,,,,,Khushi,esign
March,मार्च,रास्ता,चली हुई दूरी,सीमा,,,,Khushi,esign
April,अप्रेल,,,,,,,Khushi,esign
May ,मी,सकना,अंग्रेजी साल का पांचवा महीना,,,,,Khushi,esign
June,जून,,,,,,,Khushi,esign
Forgive,ऋण मुक्त कर देना,,,,,,,Khushi,esign
Come over,पड़ना,प्रभाव डालना,,,,,,Khushi,esign
Wee Wee,मूत्र,मूत,पेशाब,,,,,Khushi,esign
Stubborn,अड़ियल,जिद्दी,सख्त,,,,,Khushi,esign
meet ,आमने सामने आना,,,,,,,Khushi,esign
Well,कटघरा,लाभ,,,,,,Khushi,esign
Time, वक्त,समय ,अवधि,बेला,,,,Khushi,esign
Thumb up, शाबाशी,,,,,,,Khushi,esign
separate,अलग-अलग करना,अकेला, जुदा,,,,,Khushi,esign
difficult, कठिन, मुश्किल, जटिल,,,,,Khushi,esign
very very difficult,,,,,,,,Khushi,esign
C-X, कॉक्स,,,,,,,Khushi,esign
one to one, प्रत्येक के लिए अलग अलग,,,,,,,Khushi,esign
Place, जगह , स्थान, स्थिति , क्षेत्र,,,,Khushi,esign
Bear with it ,,,,,,,,Khushi,esign
Welcome, अभिनंदन, नमस्ते, आदर, सत्कार,स्वागत,,,Khushi,esign
Congratulations, बधाई,,,,,,,Khushi,esign
ask question, कुछ, कोई बात,,,,,,Khushi,esign
none, कोई नहीं, इनकार,,,,,,Khushi,esign
Just a moment,,,,,,,,Khushi,esign
Letter, अक्षर, पत्र ,चिट्ठी, खत,,,,Khushi,esign
National,नागरिक,राष्ट्रीय,अपने देशवासी,,,,,Khushi,esign
Now, यह समय, अब, अभी,,,,,Khushi,esign
There , पर, वहां, उधर,,,,,Khushi,esign
Agree, राज़ी होना, एकमत होना, मान लेना,,,,,Khushi,esign
Date, तारीख, तिथि, मिति, दिनांक,,,,Khushi,esign
Meeting, बैठक, भेंट, मिलन, मुलाकात ,बात,,,Khushi,esign
go-with-you,,,,,,,,Khushi,esign
available, उपलब्ध,प्राप्त,मौजूद,,,,,Khushi,esign
paranoid, व्यामोहाभ पीड़ित, संविभ्रम रोगी,,,,,,Khushi,esign
change mind,,,,,,,,Khushi,esign
pay, मेहनताना,वेतन , कमाई,तनख्वाह,,,,Khushi,esign
pay - me,,,,,,,,Khushi,esign
name, कुल, शीर्षक, ख़ानदान ,,,,,Khushi,esign
talk, वाद , वार्ता, चर्चा, बात,,,,Khushi,esign
Try, कोशिश , प्रयास , जांचना,,,,,Khushi,esign
More, अधिक मात्रा में, ज़्यादा,बहुत, और,,,,Khushi,esign
change back, फिर से बनना,,,,,,,Khushi,esign
Keep,देख रेख, रहना, रखना, कैद,,,,Khushi,esign
dept, विभाग,,,,,,,Khushi,esign
West,पच्छिम,,,,,,,Khushi,esign
Me, मुझको,,,,,,,Khushi,esign
Live, सजीव,जीवंत,जिन्दा, रहना,,,,Khushi,esign
Poor you,,,,,,,,Khushi,esign
Wrong,गलती ,अन्याय,अत्याचार,असत्य,,,,Khushi,esign
Hold on, जिन्दा रहना, पकड़ना, सँभालना,,,,,Khushi,esign
Pound, बहाना, पाउंड, बाड़ा ,,,,,Khushi,esign
discuss, विवाद करना, तर्क करना, विचार करना,चर्चा करना,,,,Khushi,esign
number, संक्या, गिनती, अंक,,,,,Khushi,esign
Family, परिवार, ख़ानदान,कुल,वंश ,,,,Khushi,esign
or, या, अथवा,एवं,,,,,Khushi,esign
This,इस, यह,,,,,,Khushi,esign
together, साथ ही साथ, इकट्ठा,मिलजुल कर,मिल कर,,,,Khushi,esign
Monday, सोमवार,,,,,,,Khushi,esign
Tuesday, मंगलवार ,,,,,,,Khushi,esign
Thursday, गुरुवार, बृहस्पतिवार,,,,,,Khushi,esign
Friday, शुक्रवार,,,,,,,Khushi,esign
Sunday, इतवार, रविवार ,,,,,,Khushi,esign
appointment, राज़ी होना, सहमत होना, मान लेना,,,,,Khushi,esign
list, सूचि,क्रम,सूचीपत्र,,,,,Khushi,esign
ix- down,,,,,,,,Khushi,esign
write down , लिखना, कम होना,,,,,,Khushi,esign
w,डब्ल्यू, वाट,,,,,,Khushi,esign
differences, विरोध, विवाद, असमानता, मतभेद,भिन्नता , झगड़ा,,Khushi,esign
been, भूत, गया, जाना,,,,,Khushi,esign
j,जे ,,,,,,,Khushi,esign
fill-in, भरना,पूरा करना,,,,,,Khushi,esign
information , खबर,समाचार,ज्ञान,जानकारी,,,,Khushi,esign
open doors, खुला द्वार,,,,,,,Khushi,esign
Language," बोली, भाषा,  जबान, ",,,,,,,Khushi,esign
link,सम्पर्क,,,,,,,Khushi,esign
have," पास होना,  पाना,  होना",,,,,,,Khushi,esign
how ,"कैसे,  किस तरह",,,,,,,Khushi,esign
cant ,"कुभाषा,  गंवार",,,,,,,Khushi,esign
RESTING_POSITION,,,,,,,,Khushi,esign
why,"क्यों, किसलिए",,,,,,,Khushi,esign
please yourself," रिझाना, ",,,,,,,Khushi,esign
exchange," अदला बदल,  लेन-देन",,,,,,,Khushi,esign
services,"कर्तव्य,  सेवाएँ",,,,,,,Khushi,esign
in,अन्दर,,,,,,,Khushi,esign
attend,ध्यान देना,,,,,,,Khushi,esign
no, नहीं,,,,,,,Khushi,esign
ix front," आगे, सामने",,,,,,,Khushi,esign
show," प्रदर्शनी,  तमाशा, दर्शाना",,,,,,,Khushi,esign
send-me,,,,,,,,Khushi,esign
give-me,,,,,,,,Khushi,esign
ix -left,,,,,,,,Khushi,esign
Free," निःशुल्क,  मुक्त,  मुफ्त",,,,,,,Khushi,esign
how many, कितने,,,,,,,Khushi,esign
anything, कुछ भी,,,,,,,Khushi,esign
fingerspell, वर्तनी,,,,,,,Khushi,esign
computer, कंप्यूटर,,,,,,,Khushi,esign
check, जाँच,बिल,,,,,,Khushi,esign
detail, विस्तार,,,,,,,Khushi,esign
money, धन,पैसा,,,,,,Khushi,esign
cost, कितना,,,,,,,Khushi,esign
contact(point hand),,,,,,,,Khushi,esign
put-on-letter,,,,,,,,Khushi,esign
cancel,काटना  ,रद्ध करना,,,,,,Khushi,esign
give-form,,,,,,,,Khushi,esign
print, छपाई,छपाना,,,,,,Khushi,esign
form,रुप,आकार,अवस्था,,,,,Khushi,esign
get,लाना,मिलना,,,,,,Khushi,esign
reception, स्वागत समारोह,,,,,,,Khushi,esign
building,भवन,,,,,,,Khushi,esign
floor, जमीन,मंज़िल,फर्श,,,,,Khushi,esign
internet, भूजाल,इंटरनेट,,,,,,Khushi,esign
access, पहुँच,,,,,,,Khushi,esign
up, उपर,,,,,,,Khushi,esign
walk across,,,,,,,,Khushi,esign
desk, मेज,,,,,,,Khushi,esign
out, निकला हुआ,बाहर,,,,,,Khushi,esign
turn left,,,,,,,,Khushi,esign
twelve clock,,,,,,,,Khushi,esign
screen,,,,,,,,Khushi,esign
Roughly,,,,,,,,Khushi,esign
associate,,,,,,,,Khushi,esign
Responsible,,,,,,,,Khushi,esign
how much, ,,,,,,,Khushi,esign
spelling, ,,,,,,,Khushi,esign
throw,,,,,,,,Khushi,esign
enter,,,,,,,,Khushi,esign
ask anything, ,,,,,,,Khushi,esign
Don't have,,,,,,,,Khushi,esign
Tap,,,,,,,,Khushi,esign
पढ़ना,,,,,,,,Khushi,esign
eat,,,,,,,,Khushi,esign
about,,,,,,,,Khushi,hamnosys list
above,,,,,,,,Khushi,hamnosys list
absorb,,,,,,,,Khushi,hamnosys list
accept,,,,,,,,Khushi,hamnosys list
accident,,,,,,,,Khushi,hamnosys list
accuse,,,,,,,,Khushi,hamnosys list
achakan,,,,,,,,Khushi,hamnosys list
across,,,,,,,,Khushi,hamnosys list
act,,,,,,,,Khushi,hamnosys list
actor,,,,,,,,Khushi,hamnosys list
actress,,,,,,,,Khushi,hamnosys list
add,,,,,,,,Khushi,hamnosys list
advise,,,,,,,,Khushi,hamnosys list
afraid,,,,,,,,Khushi,hamnosys list
africa,,,,,,,,Khushi,hamnosys list
after,,,,,,,,Khushi,hamnosys list
afternoon,,,,,,,,Khushi,hamnosys list
again,,,,,,,,Khushi,hamnosys list
agree,,,,,,,,Khushi,hamnosys list
aeroplane,,,,,,,,Khushi,hamnosys list
airport,,,,,,,,Khushi,hamnosys list
all,,,,,,,,Khushi,hamnosys list
allah,,,,,,,,Khushi,hamnosys list
allow,,,,,,,,Khushi,hamnosys list
almirah,,,,,,,,Khushi,hamnosys list
always,,,,,,,,Khushi,hamnosys list
ambulance,,,,,,,,Khushi,hamnosys list
america,,,,,,,,Khushi,hamnosys list
among,,,,,,,,Khushi,hamnosys list
andhra pradesh,,,,,,,Sign Not Available,Khushi,hamnosys list
angel,,,,,,,,Khushi,hamnosys list
announce,,,,,,,,Khushi,hamnosys list
antartica,,,,,,,,Khushi,hamnosys list
appear,,,,,,,,Khushi,hamnosys list
apple,,,,,,,,Khushi,hamnosys list
area,,,,,,,Sign Not Available,Khushi,hamnosys list
argue,,,,,,,,Khushi,hamnosys list
around,,,,,,,,Khushi,hamnosys list
arrange,,,,,,,Sign Not Available,Khushi,hamnosys list
art,,,,,,,,Khushi,hamnosys list
assam,,,,,,,,Khushi,hamnosys list
at,,,,,,,,Khushi,hamnosys list
audiologist,,,,,,,,Khushi,hamnosys list
auditorium,,,,,,,,Khushi,hamnosys list
auto rickshaw,,,,,,,,Khushi,hamnosys list
avoid,,,,,,,,Khushi,hamnosys list
axe,,,,,,,,Khushi,hamnosys list
badminton,,,,,,,,Khushi,hamnosys list
bag,,,,,,,,Khushi,hamnosys list
bake,,,,,,,,Khushi,hamnosys list
ball ,,,,,,,,Khushi,hamnosys list
ballon,,,,,,,,Khushi,hamnosys list
bandage,,,,,,,,Khushi,hamnosys list
bangali,,,,,,,,Khushi,hamnosys list
barber,,,,,,,,Khushi,hamnosys list
basketball,,,,,,,,Khushi,hamnosys list
bat,,,,,,,,Khushi,hamnosys list
bath,,,,,,,,Khushi,hamnosys list
beat,,,,,,,,Khushi,hamnosys list
become,,,,,,,,Khushi,hamnosys list
before,,,,,,,,Khushi,hamnosys list
begin,,,,,,,,Khushi,hamnosys list
behind,,,,,,,,Khushi,hamnosys list
bell,,,,,,,,Khushi,hamnosys list
below,,,,,,,,Khushi,hamnosys list
bench,,,,,,,,Khushi,hamnosys list
bend,,,,,,,,Khushi,hamnosys list
berth,,,,,,,Sign Not Available,Khushi,hamnosys list
between,,,,,,,,Khushi,hamnosys list
bhangra,,,,,,,,Khushi,hamnosys list
bhagat,,,,,,,,Khushi,hamnosys list
bible,,,,,,,,Khushi,hamnosys list
big,,,,,,,,Khushi,hamnosys list
bihar,,,,,,,,Khushi,hamnosys list
black board,,,,,,,Sign Not Available,Khushi,hamnosys list
blow,,,,,,,,Khushi,hamnosys list
boat,,,,,,,,Khushi,hamnosys list
body,,,,,,,,Khushi,hamnosys list
bogies,,,,,,,,Khushi,hamnosys list
boil,,,,,,,,Khushi,hamnosys list
book,,,,,,,,Khushi,hamnosys list
borrow,,,,,,,,Khushi,hamnosys list
boxing,,,,,,,,Khushi,hamnosys list
break,,,,,,,,Khushi,hamnosys list
brick,,,,,,,,Khushi,hamnosys list
bridge,,,,,,,,Khushi,hamnosys list
bring,,,,,,,,Khushi,hamnosys list
broom,,,,,,,,Khushi,hamnosys list
brush,,,,,,,,Khushi,hamnosys list
buddha,,,,,,,,Khushi,hamnosys list
bulb,,,,,,,,Khushi,hamnosys list
budh poornima,,,,,,,Sign Not Available,Khushi,hamnosys list
build,,,,,,,,Khushi,hamnosys list
building,,,,,,,,Khushi,hamnosys list
bullock cart,,,,,,,Sign Not Available,Khushi,hamnosys list
burger,,,,,,,,Khushi,hamnosys list
bus,,,,,,,,Khushi,hamnosys list
bus conductor,,,,,,,,Khushi,hamnosys list
business,,,,,,,,Khushi,hamnosys list
bus stand,,,,,,,,Khushi,hamnosys list
busy,,,,,,,,Khushi,hamnosys list
button,,,,,,,,Khushi,hamnosys list
buy,,,,,,,,Khushi,hamnosys list
cabbage,,,,,,,,Khushi,hamnosys list
calculator,,,,,,,,Khushi,hamnosys list
calm-down,,,,,,,,Khushi,hamnosys list
call,,,,,,,,Khushi,hamnosys list
can,,,,,,,,Khushi,hamnosys list
car,,,,,,,,Khushi,hamnosys list
carpenter,,,,,,,,Khushi,hamnosys list
carrom,,,,,,,,Khushi,hamnosys list
carrot,,,,,,,,Khushi,hamnosys list
carry,,,,,,,,Khushi,hamnosys list
catch,,,,,,,,Khushi,hamnosys list
catch-2,,,,,,,,Khushi,hamnosys list
cement,,,,,,,,Khushi,hamnosys list
center,,,,,,,,Khushi,hamnosys list
centimeter,,,,,,,,Khushi,hamnosys list
certificate,,,,,,,,Khushi,hamnosys list
chalk,,,,,,,,Khushi,hamnosys list
chase,,,,,,,,Khushi,hamnosys list
chair,,,,,,,,Khushi,hamnosys list
chemistry,,,,,,,,Khushi,hamnosys list
cheque,,,,,,,,Khushi,hamnosys list
chess,,,,,,,,Khushi,hamnosys list
chilly,,,,,,,,Khushi,hamnosys list
christian,,,,,,,,Khushi,hamnosys list
christmas,,,,,,,,Khushi,hamnosys list
church,,,,,,,,Khushi,hamnosys list
cinema,,,,,,,,Khushi,hamnosys list
circus,,,,,,,,Khushi,hamnosys list
clap,,,,,,,,Khushi,hamnosys list
classroom,,,,,,,,Khushi,hamnosys list
clerk,,,,,,,,Khushi,hamnosys list
climb,,,,,,,,Khushi,hamnosys list
climbdown,,,,,,,,Khushi,hamnosys list
climbup,,,,,,,,Khushi,hamnosys list
clinic,,,,,,,,Khushi,hamnosys list
close,,,,,,,,Khushi,hamnosys list
clown,,,,,,,,Khushi,hamnosys list
cloud,,,,,,,,Khushi,hamnosys list
cobbler,,,,,,,,Khushi,hamnosys list
coin,,,,,,,,Khushi,hamnosys list
collect,,,,,,,,Khushi,hamnosys list
college,,,,,,,,Khushi,hamnosys list
come,,,,,,,,Khushi,hamnosys list
communicate,,,,,,,,Khushi,hamnosys list
compare,,,,,,,,Khushi,hamnosys list
compass,,,,,,,,Khushi,hamnosys list
complain,,,,,,,,Khushi,hamnosys list
confuse,,,,,,,,Khushi,hamnosys list
continue,,,,,,,,Khushi,hamnosys list
control,,,,,,,,Khushi,hamnosys list
cook,,,,,,,,Khushi,hamnosys list
coolie,,,,,,,,Khushi,hamnosys list
copy,,,,,,,,Khushi,hamnosys list
count,,,,,,,,Khushi,hamnosys list
cover,,,,,,,,Khushi,hamnosys list
cricket,,,,,,,,Khushi,hamnosys list
criticize,,,,,,,,Khushi,hamnosys list
cry,,,,,,,,Khushi,hamnosys list
cucumber,,,,,,,,Khushi,hamnosys list
cup,,,,,,,,Khushi,hamnosys list
cauliflower,,,,,,,,Khushi,hamnosys list
cut,,,,,,,,Khushi,hamnosys list
cycle,,,,,,,,Khushi,hamnosys list
education,,,,,,,,Khushi,hamnosys list
educational terms,,,,,,,,Khushi,hamnosys list
eid,,,,,,,,Khushi,hamnosys list
electrician,,,,,,,,Khushi,hamnosys list
embroidry,,,,,,,,Khushi,hamnosys list
encourage,,,,,,,,Khushi,hamnosys list
engine,,,,,,,,Khushi,hamnosys list
engineer,,,,,,,,Khushi,hamnosys list
enjoy,,,,,,,,Khushi,hamnosys list
equator,,,,,,,,Khushi,hamnosys list
eraser,,,,,,,Sign not available,Khushi,hamnosys list
escape,,,,,,,,Khushi,hamnosys list
essay,,,,,,,,Khushi,hamnosys list
evening,,,,,,,,Khushi,hamnosys list
examination,,,,,,,,Khushi,hamnosys list
examine,,,,,,,,Khushi,hamnosys list
exchange,,,,,,,,Khushi,hamnosys list
experience,,,,,,,,Khushi,hamnosys list
eyelash,,,,,,,,Khushi,hamnosys list
fail/loser,,,,,,,sign not available,Khushi,hamnosys list
fall,,,,,,,,Khushi,hamnosys list
far,,,,,,,,Khushi,hamnosys list
farmer,,,,,,,,Khushi,hamnosys list
fat,,,,,,,,Khushi,hamnosys list
factory,,,,,,,,Khushi,hamnosys list
feed,,,,,,,sign not available,Khushi,hamnosys list
feel,,,,,,,,Khushi,hamnosys list
ice,,,,,,,,Khushi,hamnosys list
ignore,,,,,,,,Khushi,hamnosys list
improve,,,,,,,,Khushi,hamnosys list
in,,,,,,,,Khushi,hamnosys list
inagurate,,,,,,,,Khushi,hamnosys list
inch,,,,,,,,Khushi,hamnosys list
increase,,,,,,,,Khushi,hamnosys list
india,,,,,,,,Khushi,hamnosys list
union territories,,,,,,,,Khushi,hamnosys list
information,,,,,,,,Khushi,hamnosys list
in front of,,,,,,,,Khushi,hamnosys list
injection,,,,,,,,Khushi,hamnosys list
interfere,,,,,,,,Khushi,hamnosys list
intelligent,,,,,,,,Khushi,hamnosys list
introduce,,,,,,,,Khushi,hamnosys list
invent,,,,,,,,Khushi,hamnosys list
Jain,,,,,,,,Khushi,hamnosys list
Jaipur,,,,,,,,Khushi,hamnosys list
Jealous,,,,,,,,Khushi,hamnosys list
Jeep,,,,,,,,Khushi,hamnosys list
Jesus,,,,,,,,Khushi,hamnosys list
Jammu & Kashmir,,,,,,,,Khushi,hamnosys list
Join,,,,,,,,Khushi,hamnosys list
Jug,,,,,,,,Khushi,hamnosys list
Jump,,,,,,,,Khushi,hamnosys list
kannada,,,,,,,,Khushi,hamnosys list
kanpur,,,,,,,,Khushi,hamnosys list
karate,,,,,,,,Khushi,hamnosys list
keep,,,,,,,,Khushi,hamnosys list
kerala,,,,,,,,Khushi,hamnosys list
key,,,,,,,,Khushi,hamnosys list
kick,,,,,,,,Khushi,hamnosys list
kill,,,,,,,,Khushi,hamnosys list
kilogram,,,,,,,,Khushi,hamnosys list
kilometer,,,,,,,,Khushi,hamnosys list
kite,,,,,,,,Khushi,hamnosys list
knife,,,,,,,,Khushi,hamnosys list
knit,,,,,,,,Khushi,hamnosys list
know,,,,,,,,Khushi,hamnosys list
knowledge,,,,,,,,Khushi,hamnosys list
krishna,,,,,,,,Khushi,hamnosys list
laboratory,,,,,,,,Khushi,hamnosys list
ladder,,,,,,,,Khushi,hamnosys list
lady's-finger,,,,,,,,Khushi,hamnosys list
languages,,,,,,,Sign not available,Khushi,hamnosys list
late,,,,,,,,Khushi,hamnosys list
laugh,,,,,,,,Khushi,hamnosys list
lead,,,,,,,,Khushi,hamnosys list
leafy-vegetables,,,,,,,,Khushi,hamnosys list
leak,,,,,,,,Khushi,hamnosys list
learn,,,,,,,,Khushi,hamnosys list
leave,,,,,,,,Khushi,hamnosys list
lecturer,,,,,,,,Khushi,hamnosys list
lend,,,,,,,,Khushi,hamnosys list
letter,,,,,,,,Khushi,hamnosys list
library,,,,,,,,Khushi,hamnosys list
lick,,,,,,,,Khushi,hamnosys list
light-house,,,,,,,,Khushi,hamnosys list
like,,,,,,,,Khushi,hamnosys list
list,,,,,,,,Khushi,hamnosys list
litter,,,,,,,,Khushi,hamnosys list
lock,,,,,,,,Khushi,hamnosys list
lorry,,,,,,,,Khushi,hamnosys list
lose,,,,,,,,Khushi,hamnosys list
lotus,,,,,,,,Khushi,hamnosys list
love,,,,,,,,Khushi,hamnosys list
lakhnow,,,,,,,Sign not available,Khushi,hamnosys list
nagpur,,,,,,,,Khushi,hamnosys list
nails,,,,,,,,Khushi,hamnosys list
near,,,,,,,,Khushi,hamnosys list
need,,,,,,,,Khushi,hamnosys list
needle,,,,,,,,Khushi,hamnosys list
never,,,,,,,,Khushi,hamnosys list
news,,,,,,,,Khushi,hamnosys list
night,,,,,,,,Khushi,hamnosys list
north-pole,,,,,,,,Khushi,hamnosys list
note-book,,,,,,,,Khushi,hamnosys list
note/money,,,,,,,,Khushi,hamnosys list
now,,,,,,,,Khushi,hamnosys list
nurse,,,,,,,,Khushi,hamnosys list
office,,,,,,,,Khushi,hamnosys list
officer,,,,,,,,Khushi,hamnosys list
often,,,,,,,,Khushi,hamnosys list
olympics,,,,,,,,Khushi,hamnosys list
on,,,,,,,,Khushi,hamnosys list
one rupee,,,,,,,,Khushi,hamnosys list
onion,,,,,,,,Khushi,hamnosys list
ooty,,,,,,,,Khushi,hamnosys list
open,,,,,,,,Khushi,hamnosys list
operation,,,,,,,,Khushi,hamnosys list
order,,,,,,,,Khushi,hamnosys list
oriya,,,,,,,,Khushi,hamnosys list
our,,,,,,,,Khushi,hamnosys list
ourself,,,,,,,,Khushi,hamnosys list
out,,,,,,,,Khushi,hamnosys list
over,,,,,,,,Khushi,hamnosys list
question,,,,,,,,Khushi,hamnosys list
quote,,,,,,,,Khushi,hamnosys list
quran,,,,,,,,Khushi,hamnosys list
umbrella,,,,,,,,Khushi,hamnosys list
under,,,,,,,,Khushi,hamnosys list
understand,,,,,,,,Khushi,hamnosys list
uniform,,,,,,,,Khushi,hamnosys list
university,,,,,,,,Khushi,hamnosys list
until,,,,,,,,Khushi,hamnosys list
up,,,,,,,,Khushi,hamnosys list
urdu,,,,,,,,Khushi,hamnosys list
us,,,,,,,,Khushi,hamnosys list
vadodara,,,,,,,,Khushi,hamnosys list
van,,,,,,,,Khushi,hamnosys list
vapour,,,,,,,,Khushi,hamnosys list
vegetables,,,,,,,,Khushi,hamnosys list
velvet,,,,,,,,Khushi,hamnosys list
visit,,,,,,,,Khushi,hamnosys list
volleyball,,,,,,,,Khushi,hamnosys list
vomit,,,,,,,,Khushi,hamnosys list
vote,,,,,,,,Khushi,hamnosys list
x-ray,,,,,,,,Khushi,hamnosys list
zebra-crossing,,,,,,,,Khushi,hamnosys list
zoo,,,,,,,,Khushi,hamnosys list
yesterday,,,,,,,,Khushi,hamnosys list
you,,,,,,,,Khushi,hamnosys list
your,,,,,,,,Khushi,hamnosys list
yourself,,,,,,,,Khushi,hamnosys list
wait,,,,,,,,Khushi,hamnosys list
wall-clock,,,,,,,,Khushi,hamnosys list
want,,,,,,,,Khushi,hamnosys list
wash,,,,,,,,Khushi,hamnosys list
waste,,,,,,,,Khushi,hamnosys list
water,,,,,,,,Khushi,hamnosys list
water-bottle,,,,,,,,Khushi,hamnosys list
we,,,,,,,,Khushi,hamnosys list
weapon,,,,,,,Sign not available,Khushi,hamnosys list
weaver,,,,,,,,Khushi,hamnosys list
weigh,,,,,,,,Khushi,hamnosys list
welcome,,,,,,,,Khushi,hamnosys list
what,,,,,,,,Khushi,hamnosys list
wheat,,,,,,,,Khushi,hamnosys list
when,,,,,,,,Khushi,hamnosys list
where,,,,,,,,Khushi,hamnosys list
which,,,,,,,,Khushi,hamnosys list
whistle,,,,,,,,Khushi,hamnosys list
who,,,,,,,,Khushi,hamnosys list
why,,,,,,,,Khushi,hamnosys list
win,,,,,,,,Khushi,hamnosys list
wipe,,,,,,,,Khushi,hamnosys list
wire,,,,,,,,Khushi,hamnosys list
wish,,,,,,,,Khushi,hamnosys list
without,,,,,,,,Khushi,hamnosys list
word,,,,,,,,Khushi,hamnosys list
work,,,,,,,,Khushi,hamnosys list
worn(warn),,,,,,,,Khushi,hamnosys list
worry,,,,,,,,Khushi,hamnosys list
wrestling,,,,,,,,Khushi,hamnosys list
write,,,,,,,,Khushi,hamnosys list
wrong,,,,,,,,Khushi,hamnosys list
tabla,,,,,,,,Khushi,hamnosys list
tablet,,,,,,,,Khushi,hamnosys list
table-tennis,,,,,,,,Khushi,hamnosys list
tailor,,,,,,,,Khushi,hamnosys list
take,,,,,,,,Khushi,hamnosys list
talk,,,,,,,,Khushi,hamnosys list
tamil,,,,,,,,Khushi,hamnosys list
tap,,,,,,,,Khushi,hamnosys list
taste,,,,,,,,Khushi,hamnosys list
taxi,,,,,,,,Khushi,hamnosys list
teach,,,,,,,,Khushi,hamnosys list
teacher,,,,,,,,Khushi,hamnosys list
tear,,,,,,,,Khushi,hamnosys list
tease,,,,,,,,Khushi,hamnosys list
teat,,,,,,,,Khushi,hamnosys list
telgu,,,,,,,,Khushi,hamnosys list
tell,,,,,,,,Khushi,hamnosys list
temperature,,,,,,,,Khushi,hamnosys list
temple,,,,,,,,Khushi,hamnosys list
ten,,,,,,,,Khushi,hamnosys list
tennis,,,,,,,,Khushi,hamnosys list
that,,,,,,,,Khushi,hamnosys list
their,,,,,,,,Khushi,hamnosys list
them,,,,,,,,Khushi,hamnosys list
themselves,,,,,,,,Khushi,hamnosys list
then,,,,,,,,Khushi,hamnosys list
there,,,,,,,,Khushi,hamnosys list
thermometer,,,,,,,,Khushi,hamnosys list
thermus,,,,,,,,Khushi,hamnosys list
these,,,,,,,,Khushi,hamnosys list
they,,,,,,,,Khushi,hamnosys list
theif,,,,,,,,Khushi,hamnosys list
this,,,,,,,,Khushi,hamnosys list
thorn,,,,,,,,Khushi,hamnosys list
those,,,,,,,,Khushi,hamnosys list
thread,,,,,,,,Khushi,hamnosys list
throw,,,,,,,,Khushi,hamnosys list
ticket,,,,,,,,Khushi,hamnosys list
ticket checker,,,,,,,Sign not available,Khushi,hamnosys list
tie,,,,,,,,Khushi,hamnosys list
tiffin box,,,,,,,,Khushi,hamnosys list
tighten,,,,,,,,Khushi,hamnosys list
time,,,,,,,,Khushi,hamnosys list
today,,,,,,,,Khushi,hamnosys list
together,,,,,,,,Khushi,hamnosys list
tomato,,,,,,,,Khushi,hamnosys list
tomorrow,,,,,,,,Khushi,hamnosys list
tools,,,,,,,,Khushi,hamnosys list
touch,,,,,,,,Khushi,hamnosys list
toward,,,,,,,,Khushi,hamnosys list
town,,,,,,,,Khushi,hamnosys list
track,,,,,,,,Khushi,hamnosys list
trade-equipment,,,,,,,,Khushi,hamnosys list
train,,,,,,,,Khushi,hamnosys list
transport,,,,,,,,Khushi,hamnosys list
travel,,,,,,,,Khushi,hamnosys list
tree,,,,,,,,Khushi,hamnosys list
trophy,,,,,,,,Khushi,hamnosys list
truck,,,,,,,,Khushi,hamnosys list
truth,,,,,,,,Khushi,hamnosys list
try,,,,,,,,Khushi,hamnosys list
tub,,,,,,,,Khushi,hamnosys list
turn,,,,,,,,Khushi,hamnosys list
turnip,,,,,,,,Khushi,hamnosys list
typewriter,,,,,,,,Khushi,hamnosys list
typist,,,,,,,,Khushi,hamnosys list
Aeroplane ,,,,,,,,Khushi,hamnosys list
AutoRickshaw ,,,,,,,,Khushi,hamnosys list
All ,,,,,,,,Khushi,hamnosys list
Result ,,,,,,,,Khushi,hamnosys list
Out ,,,,,,,,Khushi,hamnosys list
Good ,,,,,,,,Khushi,hamnosys list
Alive ,,,,,,,,Khushi,hamnosys list
Health ,,,,,,,,Khushi,hamnosys list
Angry ,,,,,,,,Khushi,hamnosys list
Fruit,,,,,,,,Khushi,hamnosys list
Tap,,,,,,,,Khushi,hamnosys list
Jealous,,,,,,,,Khushi,hamnosys list
Mind,,,,,,,,Khushi,hamnosys list
Power,,,,,,,,Khushi,hamnosys list
Child,,,,,,,,Khushi,hamnosys list
Bus,,,,,,,,Khushi,hamnosys list
Water,,,,,,,,Khushi,hamnosys list
One,,,,,,,,Khushi,hamnosys list
Three,,,,,,,,Khushi,hamnosys list
Zero,,,,,,,,Khushi,hamnosys list
See,,,,,,,,Khushi,hamnosys list
Me,,,,,,,,Khushi,hamnosys list
You,,,,,,,,Khushi,hamnosys list
Teeth,,,,,,,,Khushi,hamnosys list
Deaf,,,,,,,,Khushi,hamnosys list
Pick,,,,,,,,Khushi,hamnosys list
Two,,,,,,,,Khushi,hamnosys list
Mother,,,,,,,,Khushi,hamnosys list
Eat,,,,,,,,Khushi,hamnosys list
After,,,,,,,,Khushi,hamnosys list
Before,,,,,,,,Khushi,hamnosys list
Dream,,,,,,,,Khushi,hamnosys list
Day,,,,,,,,Khushi,hamnosys list
Hungry,,,,,,,,Khushi,hamnosys list
Read,,,,,,,,Khushi,hamnosys list
Talk,,,,,,,,Khushi,hamnosys list
Body,,,,,,,,Khushi,hamnosys list
Fear,,,,,,,,Khushi,hamnosys list
Flood,,,,,,,,Khushi,hamnosys list
Home,,,,,,,,Khushi,hamnosys list
Roof,,,,,,,,Khushi,hamnosys list
Run,,,,,,,,Khushi,hamnosys list
Up,,,,,,,,Khushi,hamnosys list
Tight,,,,,,,,Khushi,hamnosys list
Bird,,,,,,,,Khushi,hamnosys list
Time,,,,,,,,Khushi,hamnosys list
Pot,,,,,,,,Khushi,hamnosys list
Computer,,,,,,,,Khushi,hamnosys list
Ten,,,,,,,,Khushi,hamnosys list
Fight,,,,,,,,Khushi,hamnosys list
Big,,,,,,,,Khushi,hamnosys list
Hang,,,,,,,,Khushi,hamnosys list
Heart Beat,,,,,,,,Khushi,hamnosys list
Her,,,,,,,,Khushi,hamnosys list
Hers,,,,,,,,Khushi,hamnosys list
Hill,,,,,,,,Khushi,hamnosys list
Him,,,,,,,,Khushi,hamnosys list
Himself,,,,,,,,Khushi,hamnosys list
Hindi,,,,,,,,Khushi,hamnosys list
Hindu,,,,,,,,Khushi,hamnosys list
His,,,,,,,,Khushi,hamnosys list
Hockey,,,,,,,,Khushi,hamnosys list
Hold,,,,,,,,Khushi,hamnosys list
Hun,,,,,,,,Khushi,hamnosys list
Hungry,,,,,,,,Khushi,hamnosys list
Big ,,,,,,,,Khushi,hamnosys list
Jug ,,,,,,,,Khushi,hamnosys list
Break ,,,,,,,,Khushi,hamnosys list
Brush ,,,,,,,,Khushi,hamnosys list
Before ,,,,,,,,Khushi,hamnosys list
After,,,,,,,,Khushi,hamnosys list
Busy,,,,,,,,Khushi,hamnosys list
Bulb ,,,,,,,,Khushi,hamnosys list
Bring ,,,,,,,,Khushi,hamnosys list
Divide ,,,,,,,,Khushi,hamnosys list
Bus,,,,,,,,Khushi,hamnosys list
Body,,,,,,,,Khushi,hamnosys list
Power,,,,,,,,Khushi,hamnosys list
Mind,,,,,,,,Khushi,hamnosys list
Think,,,,,,,,Khushi,hamnosys list
Tub,,,,,,,,Khushi,hamnosys list
Tap,,,,,,,,Khushi,hamnosys list
Letter,,,,,,,,Khushi,hamnosys list
closed hand,,,,,,,,Khushi,hamnosys list
thumb,,,,,,, ,Khushi,hamnosys list
round-hand,,,,,,,,Khushi,hamnosys list
semi-round hand,,,,,,,,Khushi,hamnosys list
bent-hand,,,,,,,,Khushi,hamnosys list
thumb-little-finger,,,,,,,,Khushi,hamnosys list
little-finger hand,,,,,,,,Khushi,hamnosys list
2-3 finger bent,,,,,,,,Khushi,hamnosys list
open hand,,,,,,,,Khushi,hamnosys list
tippi,,,,,,,,Khushi,hamnosys list
koli,,,,,,,,Khushi,hamnosys list
la,,,,,,,,Khushi,hamnosys list
open ,,,,,,,,Khushi,hamnosys list
more,,,,,,,,Khushi,hamnosys list
no,,,,,,,,Khushi,hamnosys list
cannot,,,,,,,,Khushi,hamnosys list
half-past,,,,,,,,Khushi,hamnosys list
contact,,,,,,,,Khushi,hamnosys list
plan,,,,,,,,Khushi,hamnosys list
around,,,,,,,,Khushi,hamnosys list
atlast,,,,,,,,Khushi,hamnosys list
crow,,,,,,,,Khushi,hamnosys list
very,,,,,,,,Khushi,hamnosys list
thirsty,,,,,,,,Khushi,hamnosys list
was,,,,,,,,Khushi,hamnosys list
less,,,,,,,,Khushi,hamnosys list
beak,,,,,,,,Khushi,hamnosys list
reach,,,,,,,,Khushi,hamnosys list
five,,,,,,,,Khushi,hamnosys list
four,,,,,,,,Khushi,hamnosys list
Draw,,,,,,,,Khushi,hamnosys list
Doctor,,,,,,,,Khushi,hamnosys list
me,,,,,,,,Khushi,hamnosys list
Ignore,,,,,,,,Khushi,hamnosys list
Improve,,,,,,,,Khushi,hamnosys list
Increase,,,,,,,,Khushi,hamnosys list
Injection,,,,,,,,Khushi,hamnosys list
Intelligent,,,,,,,,Khushi,hamnosys list
Kannada,,,,,,,,Khushi,hamnosys list
Kanpur,,,,,,,,Khushi,hamnosys list
Key,,,,,,,,Khushi,hamnosys list
Kite,,,,,,,,Khushi,hamnosys list
Know,,,,,,,,Khushi,hamnosys list
Knowledge,,,,,,,,Khushi,hamnosys list
Jain,,,,,,,,Khushi,hamnosys list
Jealous,,,,,,,,Khushi,hamnosys list
Jug,,,,,,,,Khushi,hamnosys list
deaf,,,,,,,,Khushi,hamnosys list
send,,,,,,,,Khushi,hamnosys list
shake,,,,,,,,Khushi,hamnosys list
1month,,,,,,,,Amritsar school,29 Dec 16
2months,,,,,,,,Amritsar school,29 Dec 16
above,,,,,,,,Amritsar school,29 Dec 16
acting,,,,,,,,Amritsar school,29 Dec 16
active,,,,,,,,Amritsar school,29 Dec 16
add,,,,,,,,Amritsar school,29 Dec 16
aeroplane,,,,,,,,Amritsar school,29 Dec 16
age,,,,,,,,Amritsar school,29 Dec 16
allow,,,,,,,,Amritsar school,29 Dec 16
allow,,,,,,,,Amritsar school,29 Dec 16
alone,,,,,,,,Amritsar school,29 Dec 16
always,,,,,,,,Amritsar school,29 Dec 16
among,,,,,,,,Amritsar school,29 Dec 16
answer,,,,,,,,Amritsar school,29 Dec 16
any,,,,,,,,Amritsar school,29 Dec 16
around,,,,,,,,Amritsar school,29 Dec 16
arrange,,,,,,,,Amritsar school,29 Dec 16
arrest,,,,,,,,Amritsar school,29 Dec 16
arrive,,,,,,,,Amritsar school,29 Dec 16
art,,,,,,,,Amritsar school,29 Dec 16
at,,,,,,,,Amritsar school,29 Dec 16
bag,,,,,,,,Amritsar school,29 Dec 16
ball,,,,,,,,Amritsar school,29 Dec 16
ball,,,,,,,,Amritsar school,29 Dec 16
bandage,,,,,,,,Amritsar school,29 Dec 16
bath,,,,,,,,Amritsar school,29 Dec 16
below,,,,,,,,Amritsar school,29 Dec 16
best,,,,,,,,Amritsar school,29 Dec 16
book,,,,,,,,Amritsar school,29 Dec 16
bowl,,,,,,,,Amritsar school,29 Dec 16
bowl,,,,,,,,Amritsar school,29 Dec 16
bye,,,,,,,,Amritsar school,29 Dec 16
child,,,,,,,,Amritsar school,29 Dec 16
children,,,,,,,,Amritsar school,29 Dec 16
circle,,,,,,,,Amritsar school,29 Dec 16
class,,,,,,,,Amritsar school,29 Dec 16
close,,,,,,,,Amritsar school,29 Dec 16
colours,,,,,,,,Amritsar school,29 Dec 16
complaint,,,,,,,,Amritsar school,29 Dec 16
concentrate,,,,,,,,Amritsar school,29 Dec 16
continue,,,,,,,,Amritsar school,29 Dec 16
correct,,,,,,,,Amritsar school,29 Dec 16
dance,,,,,,,,Amritsar school,29 Dec 16
deaf,,,,,,,,Amritsar school,29 Dec 16
decrease,,,,,,,,Amritsar school,29 Dec 16
delete,,,,,,,,Amritsar school,29 Dec 16
different,,,,,,,,Amritsar school,29 Dec 16
doctor,,,,,,,,Amritsar school,29 Dec 16
doctor1,,,,,,,,Amritsar school,29 Dec 16
down,,,,,,,,Amritsar school,29 Dec 16
drinking,,,,,,,,Amritsar school,29 Dec 16
easy,,,,,,,,Amritsar school,29 Dec 16
empty,,,,,,,,Amritsar school,29 Dec 16
english,,,,,,,,Amritsar school,29 Dec 16
equal,,,,,,,,Amritsar school,29 Dec 16
exam,,,,,,,,Amritsar school,29 Dec 16
Feel,,,,,,,,Amritsar school,29 Dec 16
feel,,,,,,,,Amritsar school,29 Dec 16
fly,,,,,,,,Amritsar school,29 Dec 16
food,,,,,,,,Amritsar school,29 Dec 16
fruit,,,,,,,,Amritsar school,29 Dec 16
fruit,,,,,,,,Amritsar school,29 Dec 16
girl,,,,,,,,Amritsar school,29 Dec 16
green,,,,,,,,Amritsar school,29 Dec 16
he,,,,,,,,Amritsar school,29 Dec 16
hold,,,,,,,,Amritsar school,29 Dec 16
I,,,,,,,,Amritsar school,29 Dec 16
idea,,,,,,,,Amritsar school,29 Dec 16
Important,,,,,,,,Amritsar school,29 Dec 16
important,,,,,,,,Amritsar school,29 Dec 16
impossible,,,,,,,,Amritsar school,29 Dec 16
impossible,,,,,,,,Amritsar school,29 Dec 16
information,,,,,,,,Amritsar school,29 Dec 16
internet,,,,,,, ,Amritsar school,29 Dec 16
keep,,,,,,,,Amritsar school,29 Dec 16
key,,,,,,,,Amritsar school,29 Dec 16
keyboard,,,,,,,,Amritsar school,29 Dec 16
level,,,,,,,,Amritsar school,29 Dec 16
line,,,,,,,,Amritsar school,29 Dec 16
long,,,,,,,,Amritsar school,29 Dec 16
loss,,,,,,,,Amritsar school,29 Dec 16
loss1,,,,,,,,Amritsar school,29 Dec 16
mango,,,,,,,,Amritsar school,29 Dec 16
manner,,,,,,,,Amritsar school,29 Dec 16
me,,,,,,,,Amritsar school,29 Dec 16
mind,,,,,,,,Amritsar school,29 Dec 16
mistake,,,,,,,,Amritsar school,29 Dec 16
mistake,,,,,,,,Amritsar school,29 Dec 16
name,,,,,,,,Amritsar school,29 Dec 16
new,,,,,,,,Amritsar school,29 Dec 16
no,,,,,,,,Amritsar school,29 Dec 16
on,,,,,,,,Amritsar school,29 Dec 16
open,,,,,,,,Amritsar school,29 Dec 16
opraise/clap(deaf),,,,,,,,Amritsar school,29 Dec 16
organise,,,,,,,,Amritsar school,29 Dec 16
own,,,,,,,,Amritsar school,29 Dec 16
parts,,,,,,,,Amritsar school,29 Dec 16
past,,,,,,,,Amritsar school,29 Dec 16
pen,,,,,,,,Amritsar school,29 Dec 16
phone,,,,,,,,Amritsar school,29 Dec 16
pink,,,,,,,,Amritsar school,29 Dec 16
place,,,,,,,,Amritsar school,29 Dec 16
possible,,,,,,,,Amritsar school,29 Dec 16
possible,,,,,,,,Amritsar school,29 Dec 16
pot,,,,,,,,Amritsar school,29 Dec 16
power,,,,,,,,Amritsar school,29 Dec 16
power,,,,,,,  ,Amritsar school,29 Dec 16
practice,,,,,,,,Amritsar school,29 Dec 16
prayer,,,,,,,,Amritsar school,29 Dec 16
problem,,,,,,,,Amritsar school,29 Dec 16
profit,,,,,,,,Amritsar school,29 Dec 16
quiet,,,,,,,,Amritsar school,29 Dec 16
rectangle,,,,,,,,Amritsar school,29 Dec 16
relation,,,,,,,,Amritsar school,29 Dec 16
remind,,,,,,,,Amritsar school,29 Dec 16
remove,,,,,,,,Amritsar school,29 Dec 16
research,,,,,,,,Amritsar school,29 Dec 16
sad,,,,,,,,Amritsar school,29 Dec 16
save,,,,,,,,Amritsar school,29 Dec 16
science,,,,,,,,Amritsar school,29 Dec 16
search,,,,,,,,Amritsar school,29 Dec 16
see,,,,,,,,Amritsar school,29 Dec 16
sewing machine,,,,,,,,Amritsar school,29 Dec 16
short,,,,,,,,Amritsar school,29 Dec 16
show,,,,,,,,Amritsar school,29 Dec 16
show,,,,,,,,Amritsar school,29 Dec 16
sign,,,,,,,,Amritsar school,29 Dec 16
stay,,,,,,, ,Amritsar school,29 Dec 16
tall,,,,,,,,Amritsar school,29 Dec 16
teach me,,,,,,, ,Amritsar school,29 Dec 16
teach you,,,,,,,,Amritsar school,29 Dec 16
teacher,,,,,,,,Amritsar school,29 Dec 16
tell,,,,,,, ,Amritsar school,29 Dec 16
thank you,,,,,,,,Amritsar school,29 Dec 16
these,,,,,,,,Amritsar school,29 Dec 16
they,,,,,,,,Amritsar school,29 Dec 16
this,,,,,,,,Amritsar school,29 Dec 16
those,,,,,,,,Amritsar school,29 Dec 16
tomorrow,,,,,,,,Amritsar school,29 Dec 16
train,,,,,,,,Amritsar school,29 Dec 16
truth,,,,,,,,Amritsar school,29 Dec 16
tub,,,,,,,,Amritsar school,29 Dec 16
TV,,,,,,,,Amritsar school,29 Dec 16
up,,,,,,,,Amritsar school,29 Dec 16
vegetable,,,,,,,,Amritsar school,29 Dec 16
water,,,,,,,,Amritsar school,29 Dec 16
water1,,,,,,,,Amritsar school,29 Dec 16
weight,,,,,,,,Amritsar school,29 Dec 16
what,,,,,,,,Amritsar school,29 Dec 16
when,,,,,,,,Amritsar school,29 Dec 16
who,,,,,,,,Amritsar school,29 Dec 16
wire,,,,,,,,Amritsar school,29 Dec 16
with,,,,,,,,Amritsar school,29 Dec 16
your,,,,,,,,Amritsar school,29 Dec 16